Item,Price,Link
XIAO rp2350,1.09,https://www.aliexpress.us/item/3256812349541468.html?spm=a2g0o.cart.0.0.449938da3QSden&mp=1&pdp_npi=6%40dis%21USD%21USD+9.36%21USD+9.36%21%21USD+9.36%21%21%21%402103081117913320794036655e0dab%2112000058650174904%21ct%21US%217757156128%21%211%210%21&_gl=1*btvnmi*_gcl_aw*R0NMLjE3OTEzMjc3MDkuQ2owS0NRand1SkxXQmhEX0FSSXNBSUJjUlV5bHNGaEgxTGZqckhTRWs4N3hMLWRqX21CbEJkcnV0UEZKZXlaQlJkdUZhWW42MGZYTjV2SWFBc19PRUFMd193Y0I.*_gcl_dc*R0NMLjE3OTEzMjc3MDkuQ2owS0NRand1SkxXQmhEX0FSSXNBSUJjUlV5bHNGaEgxTGZqckhTRWs4N3hMLWRqX21CbEJkcnV0UEZKZXlaQlJkdUZhWW42MGZYTjV2SWFBc19PRUFMd193Y0I.*_gcl_au*MTQ4ODcxNzM1OS4xNzg2NjcyMDky*_ga*NDc4MTYzNTYzLjE3OTAzMDI2Mjk.*_ga_VED1YSGNC7*czE3OTEzMjc3MDkkbzkkZzEkdDE3OTEzMzE2OTMkajMzJGwwJGgw&gatewayAdapt=glo2usa 
Diodes,2.49,https://www.aliexpress.us/item/3256807166031523.html?spm=a2g0o.cart.0.0.449938da3QSden&mp=1&pdp_npi=6%40dis%21USD%21USD+2.49%21USD+2.49%21%21USD+2.49%21%21%21%402103081117913320794036655e0dab%2112000040387960051%21ct%21US%217757156128%21%211%210%21&_gl=1*1sazugn*_gcl_aw*R0NMLjE3OTEzMjc3MDkuQ2owS0NRand1SkxXQmhEX0FSSXNBSUJjUlV5bHNGaEgxTGZqckhTRWs4N3hMLWRqX21CbEJkcnV0UEZKZXlaQlJkdUZhWW42MGZYTjV2SWFBc19PRUFMd193Y0I.*_gcl_dc*R0NMLjE3OTEzMjc3MDkuQ2owS0NRand1SkxXQmhEX0FSSXNBSUJjUlV5bHNGaEgxTGZqckhTRWs4N3hMLWRqX21CbEJkcnV0UEZKZXlaQlJkdUZhWW42MGZYTjV2SWFBc19PRUFMd193Y0I.*_gcl_au*MTQ4ODcxNzM1OS4xNzg2NjcyMDky*_ga*NDc4MTYzNTYzLjE3OTAzMDI2Mjk.*_ga_VED1YSGNC7*czE3OTEzMjc3MDkkbzkkZzEkdDE3OTEzMzIxMjIkajM5JGwwJGgw&gatewayAdapt=glo2usa
lipo battery,1.09,https://www.aliexpress.us/item/3256803193874231.html?spm=a2g0o.cart.0.0.449938da3QSden&mp=1&pdp_npi=6%40dis%21USD%21USD+12.97%21USD+1.09%21%21USD+1.09%21%21%21%402103081117913320794036655e0dab%2112000032368701980%21ct%21US%217757156128%21%211%210%21&_gl=1*1h19yhq*_gcl_aw*R0NMLjE3OTEzMjc3MDkuQ2owS0NRand1SkxXQmhEX0FSSXNBSUJjUlV5bHNGaEgxTGZqckhTRWs4N3hMLWRqX21CbEJkcnV0UEZKZXlaQlJkdUZhWW42MGZYTjV2SWFBc19PRUFMd193Y0I.*_gcl_dc*R0NMLjE3OTEzMjc3MDkuQ2owS0NRand1SkxXQmhEX0FSSXNBSUJjUlV5bHNGaEgxTGZqckhTRWs4N3hMLWRqX21CbEJkcnV0UEZKZXlaQlJkdUZhWW42MGZYTjV2SWFBc19PRUFMd193Y0I.*_gcl_au*MTQ4ODcxNzM1OS4xNzg2NjcyMDky*_ga*NDc4MTYzNTYzLjE3OTAzMDI2Mjk.*_ga_VED1YSGNC7*czE3OTEzMjc3MDkkbzkkZzEkdDE3OTEzMzIxMzAkajMxJGwwJGgw&gatewayAdapt=glo2usa
cherry switches,0.33,Aliexpress 3 for 0.99
buzzers,0.33,Aliexpress 3 for 0.99
"oled 0.91"" screen",0.33,Aliexpress 3 for 0.99
led diodes,3.41,https://www.aliexpress.us/item/3256810339576661.html?spm=a2g0o.productlist.main.1.3a433664CvJvRA&algo_pvid=8c9433da-6c10-4dee-9dad-8ac3141f5de1&algo_exp_id=8c9433da-6c10-4dee-9dad-8ac3141f5de1-0&pdp_ext_f=%7B%22order%22%3A%22102%22%2C%22eval%22%3A%221%22%2C%22fromPage%22%3A%22search%22%7D&pdp_npi=6%40dis%21USD%216.26%211.09%21%21%2141.76%217.28%21%402101d9ef17913324978097307e0d92%2112000052703844611%21sea%21US%217757156128%21ABX%211%210%21n_tag%3A-29910%3Bd%3A349c0129%3Bm03_new_user%3A-29895%3BpisId%3A5000000218152493&curPageLogUid=gnIgApmyY1NC&utparam-url=scene%3Asearch%7Cquery_from%3A%7Cx_object_id%3A1005010525891413%7C_p_origin_prod%3A
PCB,11.01,jlcpcb.com
liquid flux,4.85,https://www.aliexpress.us/item/3256804676815166.html?spm=a2g0o.cart.0.0.556a38daYrAzfx&mp=1&pdp_npi=6%40dis%21USD%21USD+4.85%21USD+4.85%21%21USD+4.85%21%21%21%402101e7a317914180987356669e0e92%2112000030794577786%21ct%21US%217757156128%21%211%210%21&_gl=1*n2xq6s*_gcl_aw*R0NMLjE3OTEzMjc3MDkuQ2owS0NRand1SkxXQmhEX0FSSXNBSUJjUlV5bHNGaEgxTGZqckhTRWs4N3hMLWRqX21CbEJkcnV0UEZKZXlaQlJkdUZhWW42MGZYTjV2SWFBc19PRUFMd193Y0I.*_gcl_dc*R0NMLjE3OTEzMjc3MDkuQ2owS0NRand1SkxXQmhEX0FSSXNBSUJjUlV5bHNGaEgxTGZqckhTRWs4N3hMLWRqX21CbEJkcnV0UEZKZXlaQlJkdUZhWW42MGZYTjV2SWFBc19PRUFMd193Y0I.*_gcl_au*MTQ4ODcxNzM1OS4xNzg2NjcyMDky*_ga*MTE1MzkwMDc3MS4xNzkxMzMyMjcz*_ga_VED1YSGNC7*czE3OTE0MTgwNDckbzIkZzEkdDE3OTE0MTgwOTkkajgkbDAkaDA.&gatewayAdapt=glo2usa
,24.93,